
{
"viewname": "viewname ",{	"CSS": [
		"SampleForm.css"
	],
	"VariableLists": {
		"Make": [
			{"id": 1, "value": "Chevrolet"},
			{"id": 2, "value": "Ford"},
			{"id": 3, "value": "Audi"},
			{"id": 4, "value": "Porsche"},
			{"id": 5, "value": "Other"}
		],
		"Year": [
			{"id": 1, "value": 1980},
			{"id": 2, "value": 1990},
			{"id": 3, "value": 2000},
			{"id": 4, "value": 2010}
		]
	},
	"FormSchema": [
		{
			"directive": "Vertical",
			"Children": [
				{
					"viewName", "name"
				}
			]
		},
		{
			"directive": "Horizontal",
			"Children": [
				{
					"directive": "ComboBox",
					"dataSource": "year",
					"display": "Year", 
					"width": 4,
					"nullable": false,
					"VariableList": "Year"
				},
				{
					"directive": "ComboBox",
					"dataSource": "make",
					"display": "Make", 
					"width": 40,
					"nullable": false,
					"VariableList": "Make"
				},
				{
					"directive": "StringEdit",
					"dataSource": "model",
					"display": "Model", 
					"width": 40,
					"nullable": false
				}
			]
		}
	]
}
			
		
			 
				
				}