{
	"VariableLists": {
		"Make": [
			{"id": 1, "value": "Chevrolet"},
			{"id": 2, "value": "Ford"},
			{"id": 3, "value": "Audi"},
			{"id": 4, "value": "Porsche"},
			{"id": 5, "value": "Other"}
		],
		"Year": [
			{"id": 1, "value": 1980},
			{"id": 2, "value": 1990},
			{"id": 3, "value": 2000},
			{"id": 4, "value": 2010}
		]
	},
	"FormSchema": [
		{
			"directive": "IntegerEdit",
			"table": "vehicle",
			"column": "id",
			"display": "Id", 
			"width": 6,
			"nullable": true
		},
		{
			"directive": "ComboBox",
			"table": "vehicle",
			"column": "year",
			"display": "Year", 
			"width": 4,
			"nullable": false,
			"VariableList": "Year"
		},
		{
			"directive": "ComboBox",
			"table": "vehicle",
			"column": "make",
			"display": "Make", 
			"width": 40,
			"nullable": false,
			"VariableList": "Make"
		},
		{
			"directive": "StringEdit",
			"table": "vehicle",
			"column": "model",
			"display": "Model", 
			"width": 40,
			"nullable": false
		}
	]
}
			
		
			 
				