{
  "__Entity__": {
    "__Name__": "Application",
    "created_by": null,
    "app_status_code": 2,
    "expected_time_from": "20:00:00",
    "expected_time_to": "19:59:00",
    "app_obj_id": 294,
    "file_pattern": "R3-DLLS-([0-9]{8})-([0-9]{6})-request.*",
    "freq_day": null,
    "frequency": "2",
    "app_status_ts": null,
    "last_updated_ts": null,
    "last_updated_by": null,
    "form_type": "S",
    "ccm": 2147483647,
    "freq_mm": null,
    "priority": 1,
    "description": "R3-DLLS",
    "calendar_type": "1",
    "app_id": "R3",
    "freq_dd": null,
    "app_code": "DLLS",
    "sensuite_ind": "N",
    "created_ts": "2015-04-24 10:19:22.693",
    "wf_coordinates": null,
    "__Entity__": {
      "__Name__": "Exstream",
      "created_by": null,
      "last_updated_ts": null,
      "exstream_version": "8.3.106",
      "last_updated_by": null,
      "app_obj_id": 294,
      "exstream_id": 158,
      "exstream_os": "U",
      "created_ts": null,
      "__EntityCollection__": {
      	"__Entity__": "This tells the parser to create entities in the following array",
        "__Name__": "Exstream_Switch",
        "__EntityInstances__": [
          {
            "__Name__": "Exstream_Switch",
            "ddname": "DD:M9MAINDX",
            "created_by": null,
            "last_updated_ts": null,
            "input_output_ind": "O",
            "last_updated_by": null,
            "seq_num": 7,
            "exstream_switch_id": 395,
            "switch_label": "filemap",
            "switch_value": "MARSIDXout.dat",
            "exstream_id": 158,
            "created_ts": null
          },
          {
            "__Name__": "Exstream_Switch",
            "ddname": "DD:PDFOUT01",
            "created_by": null,
            "last_updated_ts": null,
            "input_output_ind": "O",
            "last_updated_by": null,
            "seq_num": 3,
            "exstream_switch_id": 396,
            "switch_label": "filemap",
            "switch_value": "MARSPDF1.pdf",
            "exstream_id": 158,
            "created_ts": null
          },
          {
            "__Name__": "Exstream_Switch",
            "ddname": "",
            "created_by": null,
            "last_updated_ts": null,
            "input_output_ind": "O",
            "last_updated_by": null,
            "seq_num": 4,
            "exstream_switch_id": 397,
            "switch_label": "messagefile",
            "switch_value": "M9DLLS01.msg",
            "exstream_id": 158,
            "created_ts": null
          },
          {
            "__Name__": "Exstream_Switch",
            "ddname": "DD:M9DLLSI",
            "created_by": null,
            "last_updated_ts": null,
            "input_output_ind": "I",
            "last_updated_by": null,
            "seq_num": 1,
            "exstream_switch_id": 398,
            "switch_label": "filemap",
            "switch_value": "M9DLLS_INPUT_FILE.dat",
            "exstream_id": 158,
            "created_ts": null
          },
          {
            "__Name__": "Exstream_Switch",
            "ddname": "DD:M9CTRLI",
            "created_by": null,
            "last_updated_ts": null,
            "input_output_ind": "O",
            "last_updated_by": null,
            "seq_num": 6,
            "exstream_switch_id": 399,
            "switch_label": "filemap",
            "switch_value": "M9DLLSCTL.txt",
            "exstream_id": 158,
            "created_ts": null
          },
          {
            "__Name__": "Exstream_Switch",
            "ddname": "",
            "created_by": null,
            "last_updated_ts": null,
            "input_output_ind": "P",
            "last_updated_by": null,
            "seq_num": 0,
            "exstream_switch_id": 400,
            "switch_label": "packagefile",
            "switch_value": "M9DLLS.pub",
            "exstream_id": 158,
            "created_ts": null
          },
          {
            "__Name__": "Exstream_Switch",
            "ddname": "DD:MARSACPO",
            "created_by": null,
            "last_updated_ts": null,
            "input_output_ind": "O",
            "last_updated_by": null,
            "seq_num": 5,
            "exstream_switch_id": 401,
            "switch_label": "filemap",
            "switch_value": "MARSACPout.dat",
            "exstream_id": 158,
            "created_ts": null
          },
          {
            "__Name__": "Exstream_Switch",
            "ddname": "DD:AFPOUT01",
            "created_by": null,
            "last_updated_ts": null,
            "input_output_ind": "O",
            "last_updated_by": null,
            "seq_num": 2,
            "exstream_switch_id": 402,
            "switch_label": "filemap",
            "switch_value": "DM9DLLSU.afp",
            "exstream_id": 158,
            "created_ts": null
          }
        ]
      }
    },
    "__Entity__": {
      "__Name__": "IPPD",
      "created_by": null,
      "noop_type": "2",
      "send_address_block": null,
      "job_priority": 1,
      "flexprint_ind": "Y",
      "outputscan_code": "N",
      "keyline_location_code": "N",
      "ippd_id": 102,
      "app_obj_id": 294,
      "inputscan_code": "NO",
      "hri_location_code": "NO",
      "page_orientation": "P",
      "last_updated_ts": null,
      "direct_present_ind": "Y",
      "last_updated_by": null,
      "font_name": null,
      "priority": 1,
      "return_imb_ind": "Y",
      "send_imb_service_type": null,
      "return_imb_service_type": null,
      "imb_location_code": "N",
      "page_type": "D",
      "form_id": "1",
      "return_address_block": null,
      "mailerpage_ind": "Y",
      "return_zip": null,
      "barcode_type": "D",
      "created_ts": "2015-04-24 10:19:22.693"
    }
  }
}