[
    {
        "operationName": "DailyErrorReport",
        "operationDesc": "Get daily report",
        "arguments": [
            {
                "name": "emailAddress",
                "disabled": true
            }
        ]
    },
    {
        "operationName": "GetMRDFReport",
        "operationDesc": "Get MRDF report",
        "arguments": [
            {
                "name": "emailAddress",
                "disabled": true
            }
        ]
    },
     {
        "operationName": "GetProcessingStats",
        "operationDesc": "Get processing stats"
        
    },
    {
        "operationName": "emailNOOPRecordFile",
        "arguments": [
            {
                "name": "emailAddress",
                "disabled": true
            }
        ]
    },
    {
        "operationName": "RunACIF",
        "operationDesc": "Run ACIF",
        "asynch": true,
        "arguments": [
            {
                "name": "emailAddress",
                "disabled": true
            }
        ]
    },
    {
        "operationName": "GetReusableApps",
        "operationDesc": "Get Reusable apps"
    },
    {
        "operationName": "GetUserActivity",
        "operationDesc": "Get user activity"
    },
    {
        "operationName": "captureSubmitFile",
        "operationDesc": "Capture-Submit file",
        "asynch": true
    },
    {
        "operationName": "CaptureToArchive",
        "operationDesc": "Capture to Archive",
        "asynch": true
    },
    {
        "operationName": "SubmitFromArchive",
        "operationDesc": "Submit from Archive",
        "asynch": true,
        "arguments": [
            {
                "name": "fileName",
                "metaType": "fileSelector",
                "path": "/archive",
                "fileFilter": [
                    ".lst",
                    ".tar"
                ],
                "listDir": true
            }
        ]
    },
    {
        "operationName": "GetStreamdiffZip",
        "operationDesc": " Get Streamdiff zip",
        "asynch": true,
        "arguments": [
            {
                "desc": "Email Id",
                "description": "Specify an email address where the FasTest report has\n\t\t\t\t\t\tto be sent\n\t\t\t\t\t",
                "name": "emailId",
                "required": false,
                "type": "options",
                "defaultvalue": "",
                "options": {
                    "option": [
                        {
                            "name": " ",
                            "value": ""
                        }
                    ]
                }
            }
        ]
    },
    {
        "operationName": "emailNOOPRecordFile",
        "operationDesc": "Get No-Op"
    },
    {
        "operationName": "MRDFOuputSelect",
        "operationDesc": "Generate MRDF out/sel"
    },
    {
        "operationName": "GenerateUSPSScan",
        "operationDesc": "Generate USPS scans",
        "arguments": [
            {
                "name": "count",
                "desc": "Count",
                "required": true,
                "defaultvalue": "10",
                "maxlength": "5"
            },
            {
                "desc": "Environment",
                "name": "environment",
                "required": false,
                "type": "options",
                "options": {
                    "option": [
                        {
                            "name": "RPDDEV",
                            "value": "RPDDEV"
                        },
                        {
                            "name": "RPDIST",
                            "value": "RPDIST"
                        },
                        {
                            "name": "RPDUAT",
                            "value": "RPDUAT"
                        },
                        {
                            "name": "RPDFIX",
                            "value": "RPDFIX"
                        },
                        {
                            "name": "IPPDDEV",
                            "value": "IPPDDEV"
                        },
                        {
                            "name": "IPPDIST",
                            "value": "IPPDIST"
                        },
                        {
                            "name": "IPPDUAT",
                            "value": "IPPDUAT"
                        },
                        {
                            "name": "IPPDFIX",
                            "value": "IPPDFIX"
                        }
                    ]
                }
            }
        ]
    },
    {
        "operationName": "GetPostageRates",
        "operationDesc": "Get postage rates",
        "operationExplanation": "To check the postage Rates",
        "asynch": false,
        "arguments": []
    },
    {
        "operationName": "GetJobLog",
        "operationDesc": "Get RPD Job Log",
        "operationExplanation": "To check the log for the specified job",
        "arguments": [
            {
                "name": "jobId",
                "desc": "Job Id",
                "required": true,
                "type": "java.lang.String"
            },
            {
                "desc": "Email Address",
                "name": "emailAddress",
                "required": false,
                "type": "options",
                "defaultvalue": "",
                "options": {
                    "option": [
                        {
                            "name": " ",
                            "value": ""
                        }
                    ]
                }
            },
            {
                "desc": "Environment",
                "name": "Environment",
                "required": false,
                "type": "options",
                "options": {
                    "option": [
                        {
                            "name": "RPDDEV",
                            "value": "RPDDEV"
                        },
                        {
                            "name": "RPDIST",
                            "value": "RPDIST"
                        },
                        {
                            "name": "RPDUAT",
                            "value": "RPDUAT"
                        },
                        {
                            "name": "RPDFIX",
                            "value": "RPDFIX"
                        },
                        {
                            "name": "IPPDDEV",
                            "value": "IPPDDEV"
                        },
                        {
                            "name": "IPPDIST",
                            "value": "IPPDIST"
                        },
                        {
                            "name": "IPPDUAT",
                            "value": "IPPDUAT"
                        },
                        {
                            "name": "IPPDFIX",
                            "value": "IPPDFIX"
                        }
                    ]
                }
            }
        ]
    }
]