<?xml version="1.0" encoding="UTF-8"?>

<beans xmlns="http://www.springframework.org/schema/beans"
	xmlns:context="http://www.springframework.org/schema/context"
	xmlns:xsi="http://www.w3.org/2001/XMLSchema-instance" xmlns:jaxws="http://cxf.apache.org/jaxws"
	xmlns:soap="http://cxf.apache.org/bindings/soap"
	xsi:schemaLocation="http://www.springframework.org/schema/beans 
	http://www.springframework.org/schema/beans/spring-beans.xsd 
	http://www.springframework.org/schema/context
	http://www.springframework.org/schema/context/spring-context.xsd
	http://cxf.apache.org/bindings/soap 
	http://cxf.apache.org/schemas/configuration/soap.xsd 
	http://cxf.apache.org/jaxws 
	http://cxf.apache.org/schemas/jaxws.xsd">

	<import resource="classpath:cxf.xml" />
	
	<context:component-scan base-package="com.wellsfargo.service.provider.rpd.services,com.wellsfargo.docsys.config" />
	
	<jaxws:endpoint xmlns:ns1="http://service.wellsfargo.com/provider/rpd/services/2014/"
		id="ServicesRPDSOAPService" address="/wsdl/ServicesRPD" serviceName="ns1:ServicesRPDSOAPService"
		endpointName="ns1:ServicesRPDPort"
		wsdlLocation="WEB-INF/wsdl/com/wellsfargo/service/provider/rpd/services/servicesForRPD.wsdl"
		implementor="com.wellsfargo.service.provider.rpd.services2014.ServicesRPDEndpointImpl">
		
		<jaxws:properties>
			<entry key="schema-validation-enabled" value="false" />
		</jaxws:properties>
		
		<jaxws:invoker>
			<bean class="com.wellsfargo.serviceworx.cxf.invoker.ServiceWorxJAXWSMethodInvoker">
				<constructor-arg>
					<bean class="com.wellsfargo.service.provider.rpd.services2014.ServicesRPDEndpointImpl" />
				</constructor-arg>
			</bean>
		</jaxws:invoker>
		
		<jaxws:inInterceptors>
			<bean class="org.apache.cxf.ws.security.wss4j.WSS4JInInterceptor">
				<constructor-arg>
					<map>
						<entry key="action" value="UsernameToken" />
						<entry key="passwordType" value="PasswordDigest" />
						<entry key="passwordCallbackRef">
							<ref bean="rpdWSPasswordCallback" />
						</entry>
					</map>
				</constructor-arg>
			</bean>
		</jaxws:inInterceptors>  
  
	</jaxws:endpoint>
	<!-- Adding this handler allow you do schema validation as launchpad (Axis). 
		But this may impact performance because it will use DOM. in JAXWS-JAXB. It 
		is not encouraged. You can simply set scham-validation-enabled property to 
		be true (see above) for schema validation. <jaxws:handlers> <bean class="com.wellsfargo.serviceworx.cxf.jaxws.handler.SOAPValidationHandler"/> 
		</jaxws:handlers> -->
		
		
		
	<!-- Password callback for userNameToken -->
	<bean id="rpdWSPasswordCallback" class="com.wellsfargo.docsys.ws.util.RPDWSPasswordCallback">
			<property name="passwords">
				<map>
					<!-- UsernameTokens key="user name" value="password"  -->
					<entry key="supervisor1" value="test1234" />
					<entry key="aliasToken" value="actualToken" />
				</map>
			</property>
	</bean>
		
				
	<!-- beans -->
	<bean name="scriptExecutor" class="com.wellsfargo.docsys.ws.util.ScriptExecutor" />
	
	
	<!-- delegate beans -->
	<bean name="jobDelegate" class="com.wellsfargo.docsys.ws.delegates.JobDelegateImpl" />


	<!-- Service beans -->
	<bean name="jobService" class="com.wellsfargo.docsys.ws.services.JobServiceImpl" />
</beans>
