<?xml version="1.0" encoding="UTF-8" standalone="no"?>
<project default="create_run_jar" name="Create Runnable Jar for Project dialogueClient">
    <!--this file was created by Eclipse Runnable JAR Export Wizard-->
    <!--ANT 1.7 is required                                        -->
    <target name="create_run_jar">
        <jar destfile="C:/Users/u382661/Desktop/1411130/dialogueClient.jar" filesetmanifest="mergewithoutmain">
            <manifest>
                <attribute name="Main-Class" value="com.wellsfargo.docsys.edp.main.Main"/>
                <attribute name="Class-Path" value="."/>
            </manifest> 
            <fileset dir="C:/Users/u382661/workspace112/dialogueClient/target/classes"/>
            <zipfileset excludes="META-INF/*.SF" src="C:/Users/u382661/.m2/repository/org/springframework/boot/spring-boot-starter-web/1.1.1.RELEASE/spring-boot-starter-web-1.1.1.RELEASE.jar"/>
            <zipfileset excludes="META-INF/*.SF" src="C:/Users/u382661/.m2/repository/org/springframework/boot/spring-boot-starter/1.1.1.RELEASE/spring-boot-starter-1.1.1.RELEASE.jar"/>
            <zipfileset excludes="META-INF/*.SF" src="C:/Users/u382661/.m2/repository/org/springframework/boot/spring-boot/1.1.1.RELEASE/spring-boot-1.1.1.RELEASE.jar"/>
            <zipfileset excludes="META-INF/*.SF" src="C:/Users/u382661/.m2/repository/org/springframework/boot/spring-boot-autoconfigure/1.1.1.RELEASE/spring-boot-autoconfigure-1.1.1.RELEASE.jar"/>
            <zipfileset excludes="META-INF/*.SF" src="C:/Users/u382661/.m2/repository/org/springframework/boot/spring-boot-starter-logging/1.1.1.RELEASE/spring-boot-starter-logging-1.1.1.RELEASE.jar"/>
            <zipfileset excludes="META-INF/*.SF" src="C:/Users/u382661/.m2/repository/org/slf4j/jul-to-slf4j/1.7.7/jul-to-slf4j-1.7.7.jar"/>
            <zipfileset excludes="META-INF/*.SF" src="C:/Users/u382661/.m2/repository/org/yaml/snakeyaml/1.13/snakeyaml-1.13.jar"/>
            <zipfileset excludes="META-INF/*.SF" src="C:/Users/u382661/.m2/repository/org/springframework/boot/spring-boot-starter-tomcat/1.1.1.RELEASE/spring-boot-starter-tomcat-1.1.1.RELEASE.jar"/>
            <zipfileset excludes="META-INF/*.SF" src="C:/Users/u382661/.m2/repository/org/apache/tomcat/embed/tomcat-embed-core/7.0.54/tomcat-embed-core-7.0.54.jar"/>
            <zipfileset excludes="META-INF/*.SF" src="C:/Users/u382661/.m2/repository/org/apache/tomcat/embed/tomcat-embed-el/7.0.54/tomcat-embed-el-7.0.54.jar"/>
            <zipfileset excludes="META-INF/*.SF" src="C:/Users/u382661/.m2/repository/org/apache/tomcat/embed/tomcat-embed-logging-juli/7.0.54/tomcat-embed-logging-juli-7.0.54.jar"/>
            <zipfileset excludes="META-INF/*.SF" src="C:/Users/u382661/.m2/repository/org/hibernate/hibernate-validator/5.1.2.Final/hibernate-validator-5.1.2.Final.jar"/>
            <zipfileset excludes="META-INF/*.SF" src="C:/Users/u382661/.m2/repository/javax/validation/validation-api/1.1.0.Final/validation-api-1.1.0.Final.jar"/>
            <zipfileset excludes="META-INF/*.SF" src="C:/Users/u382661/.m2/repository/com/fasterxml/classmate/1.0.0/classmate-1.0.0.jar"/>
            <zipfileset excludes="META-INF/*.SF" src="C:/Users/u382661/.m2/repository/org/springframework/spring-core/4.0.5.RELEASE/spring-core-4.0.5.RELEASE.jar"/>
            <zipfileset excludes="META-INF/*.SF" src="C:/Users/u382661/.m2/repository/org/springframework/spring-web/4.0.5.RELEASE/spring-web-4.0.5.RELEASE.jar"/>
            <zipfileset excludes="META-INF/*.SF" src="C:/Users/u382661/.m2/repository/org/springframework/spring-webmvc/4.0.5.RELEASE/spring-webmvc-4.0.5.RELEASE.jar"/>
            <zipfileset excludes="META-INF/*.SF" src="C:/Users/u382661/.m2/repository/org/springframework/spring-expression/4.0.5.RELEASE/spring-expression-4.0.5.RELEASE.jar"/>
            <zipfileset excludes="META-INF/*.SF" src="C:/Users/u382661/.m2/repository/org/apache/httpcomponents/httpclient/4.3.5/httpclient-4.3.5.jar"/>
            <zipfileset excludes="META-INF/*.SF" src="C:/Users/u382661/.m2/repository/commons-codec/commons-codec/1.6/commons-codec-1.6.jar"/>
            <zipfileset excludes="META-INF/*.SF" src="C:/Users/u382661/.m2/repository/org/apache/httpcomponents/httpcore/4.3.2/httpcore-4.3.2.jar"/>
            <zipfileset excludes="META-INF/*.SF" src="C:/Users/u382661/.m2/repository/org/springframework/spring-orm/4.1.4.RELEASE/spring-orm-4.1.4.RELEASE.jar"/>
            <zipfileset excludes="META-INF/*.SF" src="C:/Users/u382661/.m2/repository/org/springframework/spring-beans/4.0.5.RELEASE/spring-beans-4.0.5.RELEASE.jar"/>
            <zipfileset excludes="META-INF/*.SF" src="C:/Users/u382661/.m2/repository/org/springframework/spring-jdbc/4.0.5.RELEASE/spring-jdbc-4.0.5.RELEASE.jar"/>
            <zipfileset excludes="META-INF/*.SF" src="C:/Users/u382661/.m2/repository/org/springframework/spring-tx/4.0.5.RELEASE/spring-tx-4.0.5.RELEASE.jar"/>
            <zipfileset excludes="META-INF/*.SF" src="C:/Users/u382661/.m2/repository/org/springframework/data/spring-data-jpa/1.6.2.RELEASE/spring-data-jpa-1.6.2.RELEASE.jar"/>
            <zipfileset excludes="META-INF/*.SF" src="C:/Users/u382661/.m2/repository/org/springframework/data/spring-data-commons/1.8.0.RELEASE/spring-data-commons-1.8.0.RELEASE.jar"/>
            <zipfileset excludes="META-INF/*.SF" src="C:/Users/u382661/.m2/repository/org/springframework/spring-context/4.0.5.RELEASE/spring-context-4.0.5.RELEASE.jar"/>
            <zipfileset excludes="META-INF/*.SF" src="C:/Users/u382661/.m2/repository/org/springframework/spring-aop/4.0.5.RELEASE/spring-aop-4.0.5.RELEASE.jar"/>
            <zipfileset excludes="META-INF/*.SF" src="C:/Users/u382661/.m2/repository/aopalliance/aopalliance/1.0/aopalliance-1.0.jar"/>
            <zipfileset excludes="META-INF/*.SF" src="C:/Users/u382661/.m2/repository/org/aspectj/aspectjrt/1.8.0/aspectjrt-1.8.0.jar"/>
            <zipfileset excludes="META-INF/*.SF" src="C:/Users/u382661/.m2/repository/org/hibernate/hibernate-entitymanager/4.3.6.Final/hibernate-entitymanager-4.3.6.Final.jar"/>
            <zipfileset excludes="META-INF/*.SF" src="C:/Users/u382661/.m2/repository/org/jboss/logging/jboss-logging/3.1.3.GA/jboss-logging-3.1.3.GA.jar"/>
            <zipfileset excludes="META-INF/*.SF" src="C:/Users/u382661/.m2/repository/org/jboss/logging/jboss-logging-annotations/1.2.0.Beta1/jboss-logging-annotations-1.2.0.Beta1.jar"/>
            <zipfileset excludes="META-INF/*.SF" src="C:/Users/u382661/.m2/repository/org/hibernate/hibernate-core/4.3.6.Final/hibernate-core-4.3.6.Final.jar"/>
            <zipfileset excludes="META-INF/*.SF" src="C:/Users/u382661/.m2/repository/antlr/antlr/2.7.7/antlr-2.7.7.jar"/>
            <zipfileset excludes="META-INF/*.SF" src="C:/Users/u382661/.m2/repository/org/jboss/jandex/1.1.0.Final/jandex-1.1.0.Final.jar"/>
            <zipfileset excludes="META-INF/*.SF" src="C:/Users/u382661/.m2/repository/dom4j/dom4j/1.6.1/dom4j-1.6.1.jar"/>
            <zipfileset excludes="META-INF/*.SF" src="C:/Users/u382661/.m2/repository/xml-apis/xml-apis/1.0.b2/xml-apis-1.0.b2.jar"/>
            <zipfileset excludes="META-INF/*.SF" src="C:/Users/u382661/.m2/repository/org/hibernate/common/hibernate-commons-annotations/4.0.5.Final/hibernate-commons-annotations-4.0.5.Final.jar"/>
            <zipfileset excludes="META-INF/*.SF" src="C:/Users/u382661/.m2/repository/org/hibernate/javax/persistence/hibernate-jpa-2.1-api/1.0.0.Final/hibernate-jpa-2.1-api-1.0.0.Final.jar"/>
            <zipfileset excludes="META-INF/*.SF" src="C:/Users/u382661/.m2/repository/org/jboss/spec/javax/transaction/jboss-transaction-api_1.2_spec/1.0.0.Final/jboss-transaction-api_1.2_spec-1.0.0.Final.jar"/>
            <zipfileset excludes="META-INF/*.SF" src="C:/Users/u382661/.m2/repository/org/javassist/javassist/3.18.1-GA/javassist-3.18.1-GA.jar"/>
            <zipfileset excludes="META-INF/*.SF" src="C:/Users/u382661/.m2/repository/com/microsoft/sqlserver/sqljdbc4/4.0/sqljdbc4-4.0.jar"/>
            <zipfileset excludes="META-INF/*.SF" src="C:/Users/u382661/.m2/repository/mysql/mysql-connector-java/5.1.31/mysql-connector-java-5.1.31.jar"/>
            <zipfileset excludes="META-INF/*.SF" src="C:/Users/u382661/.m2/repository/javax/servlet/javax.servlet-api/3.0.1/javax.servlet-api-3.0.1.jar"/>
            <zipfileset excludes="META-INF/*.SF" src="C:/Users/u382661/.m2/repository/javax/servlet/jstl/1.2/jstl-1.2.jar"/>
            <zipfileset excludes="META-INF/*.SF" src="C:/Users/u382661/.m2/repository/com/fasterxml/jackson/core/jackson-databind/2.4.1/jackson-databind-2.4.1.jar"/>
            <zipfileset excludes="META-INF/*.SF" src="C:/Users/u382661/.m2/repository/com/fasterxml/jackson/core/jackson-annotations/2.4.1/jackson-annotations-2.4.1.jar"/>
            <zipfileset excludes="META-INF/*.SF" src="C:/Users/u382661/.m2/repository/com/fasterxml/jackson/core/jackson-core/2.4.1/jackson-core-2.4.1.jar"/>
            <zipfileset excludes="META-INF/*.SF" src="C:/Users/u382661/.m2/repository/com/thoughtworks/xstream/xstream/1.4.7/xstream-1.4.7.jar"/>
            <zipfileset excludes="META-INF/*.SF" src="C:/Users/u382661/.m2/repository/xmlpull/xmlpull/1.1.3.1/xmlpull-1.1.3.1.jar"/>
            <zipfileset excludes="META-INF/*.SF" src="C:/Users/u382661/.m2/repository/xpp3/xpp3_min/1.1.4c/xpp3_min-1.1.4c.jar"/>
            <zipfileset excludes="META-INF/*.SF" src="C:/Users/u382661/.m2/repository/javax/ws/rs/jsr311-api/1.1.1/jsr311-api-1.1.1.jar"/>
            <zipfileset excludes="META-INF/*.SF" src="C:/Users/u382661/.m2/repository/com/google/guava/guava/17.0/guava-17.0.jar"/>
            <zipfileset excludes="META-INF/*.SF" src="C:/Users/u382661/.m2/repository/org/slf4j/slf4j-api/1.7.7/slf4j-api-1.7.7.jar"/>
            <zipfileset excludes="META-INF/*.SF" src="C:/Users/u382661/.m2/repository/ch/qos/logback/logback-classic/1.1.2/logback-classic-1.1.2.jar"/>
            <zipfileset excludes="META-INF/*.SF" src="C:/Users/u382661/.m2/repository/ch/qos/logback/logback-core/1.1.2/logback-core-1.1.2.jar"/>
            <zipfileset excludes="META-INF/*.SF" src="C:/Users/u382661/.m2/repository/org/slf4j/jcl-over-slf4j/1.7.7/jcl-over-slf4j-1.7.7.jar"/>
            <zipfileset excludes="META-INF/*.SF" src="C:/Users/u382661/.m2/repository/org/slf4j/log4j-over-slf4j/1.7.7/log4j-over-slf4j-1.7.7.jar"/>
            <zipfileset excludes="META-INF/*.SF" src="C:/Users/u382661/.m2/repository/org/slf4j/slf4j-log4j12/1.7.7/slf4j-log4j12-1.7.7.jar"/>
            <zipfileset excludes="META-INF/*.SF" src="C:/Users/u382661/.m2/repository/log4j/log4j/1.2.17/log4j-1.2.17.jar"/>
            <zipfileset excludes="META-INF/*.SF" src="C:/Users/u382661/.m2/repository/com/jcraft/jsch/0.1.51/jsch-0.1.51.jar"/>
            <zipfileset excludes="META-INF/*.SF" src="C:/Users/u382661/.m2/repository/org/springframework/batch/spring-batch-core/3.0.1.RELEASE/spring-batch-core-3.0.1.RELEASE.jar"/>
            <zipfileset excludes="META-INF/*.SF" src="C:/Users/u382661/.m2/repository/com/ibm/jbatch/com.ibm.jbatch-tck-spi/1.0/com.ibm.jbatch-tck-spi-1.0.jar"/>
            <zipfileset excludes="META-INF/*.SF" src="C:/Users/u382661/.m2/repository/javax/batch/javax.batch-api/1.0/javax.batch-api-1.0.jar"/>
            <zipfileset excludes="META-INF/*.SF" src="C:/Users/u382661/.m2/repository/org/codehaus/jettison/jettison/1.2/jettison-1.2.jar"/>
            <zipfileset excludes="META-INF/*.SF" src="C:/Users/u382661/.m2/repository/org/springframework/batch/spring-batch-infrastructure/3.0.1.RELEASE/spring-batch-infrastructure-3.0.1.RELEASE.jar"/>
            <zipfileset excludes="META-INF/*.SF" src="C:/Users/u382661/.m2/repository/org/springframework/retry/spring-retry/1.1.0.RELEASE/spring-retry-1.1.0.RELEASE.jar"/>
            <zipfileset excludes="META-INF/*.SF" src="C:/Users/u382661/.m2/repository/org/quartz-scheduler/quartz/2.2.1/quartz-2.2.1.jar"/>
            <zipfileset excludes="META-INF/*.SF" src="C:/Users/u382661/.m2/repository/c3p0/c3p0/0.9.1.1/c3p0-0.9.1.1.jar"/>
            <zipfileset excludes="META-INF/*.SF" src="C:/Users/u382661/.m2/repository/joda-time/joda-time/2.3/joda-time-2.3.jar"/>
            <zipfileset excludes="META-INF/*.SF" src="C:/Users/u382661/.m2/repository/commons-io/commons-io/2.4/commons-io-2.4.jar"/>
        	<zipfileset excludes="META-INF/*.SF" src="C:/Users/u382661/.m2/repository/commons-lang/commons-lang/2.4/commons-lang-2.4.jar"/>
        </jar>
    </target>
</project>
