<?xml version="1.0" encoding="UTF-8"?>

<beans xmlns="http://www.springframework.org/schema/beans"
	xmlns:xsi="http://www.w3.org/2001/XMLSchema-instance" xmlns:jaxws="http://cxf.apache.org/jaxws"
	xmlns:cxf="http://cxf.apache.org/core"
	xsi:schemaLocation="http://www.springframework.org/schema/beans 
		http://www.springframework.org/schema/beans/spring-beans.xsd
		http://cxf.apache.org/core http://cxf.apache.org/schemas/core.xsd
		http://cxf.apache.org/jaxws http://cxf.apache.org/schemas/jaxws.xsd">

	<bean id="WFContextInInterceptor"
		class="com.wellsfargo.serviceworx.cxf.interceptor.WFContextInInterceptor" />
	<bean id="WFContextOutInterceptor"
		class="com.wellsfargo.serviceworx.cxf.interceptor.WFContextOutInterceptor" />
	<bean id="logOutbound"
		class="com.wellsfargo.serviceworx.cxf.interceptor.LoggingOutInterceptor" />
	<bean id="logInbound"
		class="com.wellsfargo.serviceworx.cxf.interceptor.LoggingInInterceptor" />
		
		

	<!-- We are adding the interceptors to the bus as we will have only one 
		endpoint/service/bus. -->
	<cxf:bus>
		<cxf:inInterceptors>
		<!-- 	<ref bean="WFContextInInterceptor" /> -->
			<ref bean="logInbound" />
		</cxf:inInterceptors>
		<cxf:outInterceptors>
			<ref bean="WFContextOutInterceptor" />
			<ref bean="logOutbound" />
		</cxf:outInterceptors>
	</cxf:bus>

</beans>