<?xml version="1.0" encoding="UTF-8"?> 
<!DOCTYPE log4j:configuration SYSTEM "log4j.dtd">

<log4j:configuration xmlns:log4j="http://jakarta.apache.org/log4j/" debug="false">

	<appender name="CONSOLE" class="org.apache.log4j.ConsoleAppender">
		<layout class="com.wellsfargo.launchpad.logging.MessageContextPatternLayout">
			<param name="ConversionPattern" value="%d{yyyy.MM.dd-HH:mm:ss.sss (z)}|%-5p|%w|%x|%m%n"/>
		</layout>
	</appender>
	
	<appender name="ERRORLOG" class="org.apache.log4j.DailyRollingFileAppender">
		<param name="File" value="${catalina.home}/logs/RPDWebservices/error.log"/>
		<param name="DatePattern" value="'.'yyyy-MM-dd"/>
		<param name="Append" value="true"/>
		<layout class="com.wellsfargo.launchpad.logging.MessageContextPatternLayout">
			<param name="ConversionPattern" value="%d{yyyy.MM.dd-HH:mm:ss.sss (z)}|%w|%-5p|%m%n"/>
		</layout>
	</appender>
	<appender name="MESSAGELOG" class="org.apache.log4j.DailyRollingFileAppender">
		<param name="File" value="${catalina.home}/logs/RPDWebservices/message.log"/>
		<param name="DatePattern" value="'.'yyyy-MM-dd"/>
		<param name="Append" value="true"/>
		<layout class="com.wellsfargo.launchpad.logging.MessageScrubbingMessageContextPatternLayout">
			<param name="ConversionPattern" value="%d{yyyy.MM.dd-HH:mm:ss.sss (z)}|%w|%-5p|%m%n"/>
		</layout>
	</appender>
	<appender name="PROFILINGLOG" class="org.apache.log4j.DailyRollingFileAppender">
		<param name="File" value="${catalina.home}/logs/RPDWebservices/profiling.log"/>
		<param name="DatePattern" value="'.'yyyy-MM-dd"/>		
		<param name="Append" value="true"/>
		<layout class="com.wellsfargo.launchpad.logging.MessageContextPatternLayout">
			<param name="ConversionPattern" value="%d{yyyy.MM.dd-HH:mm:ss.sss (z)}|%w|%m%n"/>
		</layout>
	</appender>
	<appender name="SECURITYLOG" class="org.apache.log4j.DailyRollingFileAppender">
		<param name="File" value="${catalina.home}/logs/RPDWebservices/security.log"/>
		<param name="DatePattern" value="'.'yyyy-MM-dd"/>		
		<param name="Append" value="true"/>
		<layout class="com.wellsfargo.launchpad.logging.MessageScrubbingMessageContextPatternLayout">
			<param name="ConversionPattern" value="%d{yyyy.MM.dd-HH:mm:ss.sss (z)}|%w|%m%n"/>
		</layout>
	</appender>
	
	<!-- appenders for customized ippd web services -->
	<appender name="DetailLogFileAppender" class="org.apache.log4j.DailyRollingFileAppender">
		<param name="file" value="${catalina.home}/logs/RPDWebservices/detail.log" />
		<param name="DatePattern" value="'.'yyyy-MM-dd" />
		<param name="Append" value="true" />
		<layout class="com.wellsfargo.launchpad.logging.MessageScrubbingMessageContextPatternLayout">
			<param name="ConversionPattern" value="%d{yyyy-MM-dd/HH:mm:ss.SSS/zzz} [%t] %-5p %c %x - %m%n" />
		</layout>
	</appender>
	
	<appender name="AuditLogFileAppender" class="org.apache.log4j.DailyRollingFileAppender">
		<param name="File" value="${catalina.home}/logs/RPDWebservices/auditLog.log" />
		<param name="DatePattern" value="'.'yyyy-MM-dd" />
		<param name="Append" value="true" />
		<layout class="com.wellsfargo.launchpad.logging.MessageScrubbingMessageContextPatternLayout">
			<param name="ConversionPattern" value="%d{yyyy.MM.dd-HH:mm:ss.sss (z)}|%w|%-5p|%m%n" />
		</layout>
	</appender>
	
	
	<appender name="ERRORLOG-ASYNC" class="org.apache.log4j.AsyncAppender">
		<appender-ref ref="ERRORLOG"/>
	</appender>
	<appender name="MESSAGELOG-ASYNC" class="org.apache.log4j.AsyncAppender">
		<appender-ref ref="MESSAGELOG"/>
	</appender>
	<appender name="PROFILINGLOG-ASYNC" class="org.apache.log4j.AsyncAppender">
		<appender-ref ref="PROFILINGLOG"/>
	</appender>
	<appender name="SECURITYLOG-ASYNC" class="org.apache.log4j.AsyncAppender">
		<appender-ref ref="SECURITYLOG"/>
	</appender>
	
	
	<!-- appenders for customized ippd web services -->
	<appender name="DETAILLOG-ASYNC" class="org.apache.log4j.AsyncAppender">
		<appender-ref ref="DetailLogFileAppender"/>
	</appender>
	
	<appender name="AUDITLOG-ASYNC" class="org.apache.log4j.AsyncAppender">
		<appender-ref ref="AuditLogFileAppender"/>
	</appender>
	
	
	<logger name="org.apache.cxf" additivity="false">
		<level value="ERROR"/>
		<appender-ref ref="ERRORLOG-ASYNC"/>
	</logger>
	<logger name="messageLog" additivity="false">
		<level value="INFO"/>
		<appender-ref ref="MESSAGELOG-ASYNC"/>
	</logger>
	<logger name="profilingLog" additivity="false">
		<level value="INFO"/>
		<appender-ref ref="PROFILINGLOG-ASYNC"/>
	</logger>
	<logger name="errorLog" additivity="false">
		<level value="INFO"/>
		<appender-ref ref="ERRORLOG-ASYNC"/>
	</logger>
	<logger name="securityLog" additivity="false">
		<level value="INFO"/>
		<appender-ref ref="SECURITYLOG-ASYNC"/>
	</logger>
	
	
	<!-- logger for customized ippd web services -->
	<logger name="DetailLogger">
		<!-- Use either ALL-INFO-WARN-ERROR-FATAL-OFF -->
		<level value="INFO" />
		<appender-ref ref="DETAILLOG-ASYNC" />
	</logger>
	
	<logger name="AuditLogger">
		<!-- Use either ALL-INFO-WARN-ERROR-FATAL-OFF -->
		<level value="INFO" />
		<appender-ref ref="AUDITLOG-ASYNC" />
	</logger>
	
	<root>
		<level value="INFO"/>
		<appender-ref ref="DETAILLOG-ASYNC"/>
	</root>
</log4j:configuration>
