<?xml version="1.0" encoding="UTF-8" standalone="yes"?>
<RPDConfigs>
	<RPDConfig>
		<operationName>GetMRDFReport</operationName>
		<operationToService>EmailMRDFReport</operationToService>
		<arguments>
			<argument>
				<name>requestId</name>
				<option>-R</option>
			</argument>
			<argument>
				<name>jobId</name>
				<option>-j</option>
			</argument>
			<argument>
				<name>emailAddress</name>
				<option>-e</option>
			</argument>
		</arguments>
	</RPDConfig>
	<RPDConfig>
		<operationName>MRDFOuputSelect</operationName>
		<operationToService>CreateSelOut</operationToService>
		<arguments>
			<argument>
				<name>requestId</name>
				<option>-R</option>
			</argument>
			<argument>
				<name>jobName</name>
				<option>-n</option>
			</argument>
			<argument>
				<name>reprintCount</name>
				<option>-r</option>

			</argument>
			<argument>
				<name>destination</name>
				<option>-s</option>
			</argument>
			<argument>
				<name>totalCount</name>
				<option>-t</option>
			</argument>
		</arguments>
	</RPDConfig>
	<RPDConfig>
		<operationName>CaptureToArchive</operationName>
		<operationToService>CaptureToArchive</operationToService>
		<arguments>
			<argument>
				<name>requestId</name>
				<option>-R</option>
			</argument>
			<argument>
				<name>jobId</name>
				<option>-j</option>
			</argument>
			<argument>
				<name>archiveLocation</name>
				<option>-z</option>
			</argument>
			<argument>
				<name>listFileLocation</name>
				<option>-l</option>
			</argument>
			<argument>
				<name>outputLog</name>
				<option>-o</option>
			</argument>
		</arguments>
	</RPDConfig>
	<RPDConfig>
		<operationName>captureSubmitFile</operationName>
		<operationToService>CaptureResubmit</operationToService>
		<arguments>
			<argument>
				<name>requestId</name>
				<option>-R</option>
			</argument>
			<argument>
				<name>jobId</name>
				<option>-j</option>
			</argument>
			<argument>
				<name>destination</name>
				<option>-n</option>
			</argument>
			<argument>
				<name>version</name>
				<option>-v</option>
			</argument>
			<argument>
				<name>date</name>
				<option>-c</option>
			</argument>
		</arguments>
	</RPDConfig>
	<RPDConfig>
		<operationName>GetUserActivity</operationName>
		<operationToService>ActiveUsersList</operationToService>
		<arguments>
			<argument>
				<name>requestId</name>
				<option>-R</option>
			</argument>
			<argument>
				<name>lastName</name>
				<option>-u</option>
			</argument>
			<argument>
				<name>date</name>
				<option>-d</option>
			</argument>
		</arguments>
	</RPDConfig>
	<RPDConfig>
		<operationName>RunACIF</operationName>
		<operationToService>RunACIF</operationToService>
		<arguments>
			<argument>
				<name>requestId</name>
				<option>-R</option>
			</argument>
			<argument>
				<name>jobId</name>
				<option>-j</option>

			</argument>
			<argument>
				<name>emailAddress</name>
				<option>-e</option>

			</argument>
			<argument>
				<name>formDefACIF</name>
				<option>-f</option>
			</argument>
		</arguments>
	</RPDConfig>
	<RPDConfig>
		<operationName>GetReusableApps</operationName>
		<operationToService>getReusableApps</operationToService>
		<arguments>
			<argument>
				<name>requestId</name>
				<option>-R</option>

			</argument>
			<argument>
				<name>generationTypes</name>
				<option>-g</option>
			</argument>
		</arguments>
	</RPDConfig>
	<RPDConfig>
		<operationName>getUSPSTracingLog</operationName>
		<operationToService>GetUSPSTrace</operationToService>
		<arguments>
			<argument>
				<name>requestId</name>
				<option>-R</option>

			</argument>
			<argument>
				<name>jobId</name>
				<option>-j</option>
			</argument>
		</arguments>
	</RPDConfig>
	<RPDConfig>
		<operationName>getTrustReport</operationName>
		<operationToService>getTrustReport</operationToService>
		<arguments>
			<argument>
				<name>requestId</name>
				<option>-R</option>
			</argument>
			<argument>
				<name>email</name>
				<option></option>
			</argument>
			<argument>
				<name>reportoption</name>
				<option></option>
			</argument>
		</arguments>
	</RPDConfig>
	<RPDConfig>
		<operationName>getMRDFHeaderReader</operationName>
		<operationToService>getMRDFHeaderReader</operationToService>
		<arguments>
			<argument>
				<name>requestId</name>
				<option>-R</option>
			</argument>
			<argument>
				<name>jobName</name>
				<option></option>
			</argument>
			<argument>
				<name>emailAddress</name>
				<option></option>
			</argument>
		</arguments>
	</RPDConfig>
	<RPDConfig>
		<operationName>SubmitFromArchive</operationName>
		<operationToService>SubmitArchivedJobs</operationToService>
		<arguments>
			<argument>
				<name>requestId</name>
				<option>-R</option>
			</argument>
			<argument>
				<name>fileName</name>
				<option>-f</option>
			</argument>
			<argument>
				<name>environment</name>
				<option>-n</option>
			</argument>
			<argument>
				<name>inputDevice</name>
				<option>-i</option>
			</argument>
		</arguments>
	</RPDConfig>
	<RPDConfig>
		<operationName>genericOperation</operationName>
		<operationToService>genericOperation</operationToService>
		<arguments>
			<argument>
				<name>requestId</name>
				<option></option>
			</argument>
			<argument>
				<name>requestoption</name>
				<option></option>
			</argument>
			<argument>
				<name>params</name>
				<option>java.util.List</option>
			</argument>
		</arguments>
	</RPDConfig>
	<RPDConfig>
		<operationName>getServiceArgument</operationName>
		<operationToService>getServiceArgument</operationToService>
		<arguments>
			<argument>
				<name>requestId</name>
				<option></option>
			</argument>
		</arguments>
	</RPDConfig>
	<RPDConfig>
		<operationName>getMRDFHeader</operationName>
		<operationToService>getMRDFHeader</operationToService>
		<arguments>
			<argument>
				<name>requestId</name>
				<option>-R</option>
			</argument>
			<argument>
				<name>jobId</name>
				<option>-j</option>
			</argument>
			<argument>
				<name>emailAddress</name>
				<option>-e</option>
			</argument>
		</arguments>
	</RPDConfig>
	<RPDConfig>
		<operationName>rpduserGroups</operationName>
		<operationToService>RPDUserGroups</operationToService>
		<arguments>
			<argument>
				<name>requestId</name>
				<option>-R</option>
			</argument>
		</arguments>
	</RPDConfig>
	<RPDConfig>
		<operationName>getCASSReport</operationName>
		<operationToService>getCASSReport</operationToService>
		<arguments>
			<argument>
				<name>requestId</name>
				<option>-R</option>
			</argument>
			<argument>
				<name>fileName</name>
				<option></option>
			</argument>
			<argument>
				<name>email</name>
				<option></option>
			</argument>
		</arguments>
	</RPDConfig>
	<RPDConfig>
		<operationName>sendDPF</operationName>
		<operationToService>EmailDpfFile</operationToService>
		<arguments>
			<argument>
				<name>requestId</name>
				<option>-R</option>
			</argument>
			<argument>
				<name>jobId</name>
				<option>-j</option>
			</argument>
			<argument>
				<name>emailAddress</name>
				<option>-e</option>
			</argument>
		</arguments>
	</RPDConfig>
	<RPDConfig>
		<operationName>GetStreamdiffZip</operationName>
		<operationToService>FasTest</operationToService>
		<arguments>
			<argument>
				<name>controlJobId</name>
				<option>-c</option>

			</argument>
			<argument>
				<name>testJobId</name>
				<option>-t</option>

			</argument>
			<argument>
				<name>requestId</name>
				<option>-R</option>

			</argument>
			<argument>
				<name>emailId</name>
				<option>-e</option>

			</argument>
			<argument>
				<name>formDef</name>
				<option>-f</option>

			</argument>
			<argument>
				<name>controlServerName</name>
				<option>-j</option>


			</argument>
			<argument>
				<name>testServerName</name>
				<option>-J</option>
			</argument>
			<argument>
				<name>zipFileName</name>
				<option>-z</option>
			</argument>
			<argument>
				<name>otherParams</name>
				<option></option>

			</argument>
		</arguments>
	</RPDConfig>
	<RPDConfig>
		<operationName>sendJobFootPrint</operationName>
		<operationToService>EmailJobFootPrint</operationToService>
		<arguments>
			<argument>
				<name>requestId</name>
				<option>-R</option>

			</argument>
			<argument>
				<name>jobId</name>
				<option>-j</option>

			</argument>
			<argument>
				<name>emailAddress</name>
				<option>-e</option>

			</argument>
		</arguments>
	</RPDConfig>
	<RPDConfig>
		<operationName>GetProcessingStats</operationName>
		<operationToService>getPJSnapReport</operationToService>
		<arguments>
			<argument>
				<name>requestId</name>
				<option>-R</option>

			</argument>
			<argument>
				<name>appId</name>
				<option>-a</option>

			</argument>
			<argument>
				<name>startDate</name>
				<option>-s</option>

			</argument>
			<argument>
				<name>endDate</name>
				<option>-e</option>

			</argument>
			<argument>
				<name>detailIndicator</name>
				<option>-l</option>

			</argument>
		</arguments>
	</RPDConfig>
	<RPDConfig>
		<operationName>emailNOOPRecordFile</operationName>
		<operationToService>EmailNoop</operationToService>
		<arguments>
			<argument>
				<name>requestId</name>
				<option>-R</option>

			</argument>
			<argument>
				<name>jobId</name>
				<option>-j</option>

			</argument>
			<argument>
				<name>emailAddress</name>
				<option>-e</option>
			</argument>
		</arguments>
	</RPDConfig>
	<RPDConfig>
		<operationName>GenerateUSPSScan</operationName>
		<operationToService>USPSScanGenerator</operationToService>
		<arguments>
			<argument>
				<name>requestId</name>
				<option>-R</option>
			</argument>
			<argument>
				<name>jobId</name>
				<option>-j</option>
			</argument>
			<argument>
				<name>scanType</name>
				<option>-t</option>
			</argument>
			<argument>
				<name>count</name>
				<option>-c</option>
			</argument>
			<argument>
				<name>environment</name>
				<option>-s</option>
			</argument>
		</arguments>
	</RPDConfig>
	
	<RPDConfig>
		<operationName>DailyErrorReport</operationName>
		<operationToService>JobsErrorReport</operationToService>
		<arguments>
			<argument>
				<name>requestId</name>
				<option>-R</option>
			</argument>
			<argument>
				<name>emailAddress</name>
				<option>-e</option>
			</argument>
		</arguments>
	</RPDConfig>
	
</RPDConfigs>

