<?xml version="1.0" encoding="UTF-8" standalone="yes"?>
<ns2:ServiceArgumentResponse
	xmlns:ns2="http://service.wellsfargo.com/provider/rpd/services/vo/">
	<Services>
		<Service>
			<operationName>captureSubmitFile</operationName>
			<operationExplanation>This service helps us to capture a job from
				(RPD DEV) and re-submit the job files to other environments
			</operationExplanation>
			<arguments>
				<argument>
					<name>requestId</name>
					<type>int</type>
					<required>false</required>
				</argument>
				<argument>
					<name>jobId</name>
					<type>java.lang.String</type>
					<required>true</required>
					<description>Specify a parent job to be captured</description>
				</argument>
				<argument>
					<name>destination</name>
					<type>options</type>
					<required>true</required>
					<description>Choose an environment where you want a job to
						re-submit
					</description>
					<options>
						<option>
							<name>RPDDEV</name>
							<value>RPDDEV</value>
						</option>
						<option>
							<name>RPDIST</name>
							<value>RPDIST</value>
						</option>
						<option>
							<name>RPDUAT</name>
							<value>RPDUAT</value>
						</option>
						<option>
							<name>RPDFIX</name>
							<value>RPDFIX</value>
						</option>
						<option>
							<name>IPPDDEV</name>
							<value>IPPDDEV </value>
						</option>
						<option>
							<name>IPPDIST</name>
							<value>IPPDIST</value>
						</option>
						<option>
							<name>IPPDUAT</name>
							<value>IPPDUAT</value>
						</option>
						<option>
							<name>IPPDFIX</name>
							<value>IPPDFIX</value>
						</option>
					</options>
				</argument>
				<argument>
					<name>version</name>
					<type>java.math.BigInteger</type>
					<required>false</required>
					<description>Specify the re-usable version if you would like to
						change (supported only for IPPD destination)
					</description>
				</argument>
				<argument>
					<name>date</name>
					<type>java.util.Date</type>
					<required>false</required>
					<description>Specify a new cycle date to overwrite the duplicate
						job error after re-submit
					</description>
				</argument>
			</arguments>
		</Service>
		<Service>
			<operationName>CaptureToArchive</operationName>
			<operationExplanation>This service helps us to capture all the files
				for a given job from (RPD DEV). It also has the intelligence to
				identify the related group jobs and capture all of them.
			</operationExplanation>
			<arguments>
				<argument>
					<name>requestId</name>
					<type>int</type>
					<required>false</required>

				</argument>
				<argument>
					<name>jobId</name>
					<type>java.lang.String</type>
					<required>true</required>
					<description>Specify any Job number from current Environment
					</description>
				</argument>
				<!-- <argument> <name>archiveLocation</name> <type>java.lang.String</type> 
					<required>false</required> </argument> <argument> <name>listFileLocation</name> 
					<type>java.lang.String</type> <required>false</required> </argument> <argument> 
					<name>outputLog</name> <type>java.lang.String</type> <required>false</required> 
					</argument> -->
			</arguments>
		</Service>
		<Service>
			<operationName>SubmitFromArchive</operationName>
			<operationExplanation>This service helps us to submit jobs from
				Archive directory in (RPD DEV). The job files which were
				captured/tarred and stored in archive directory. We may also submit
				group jobs whose tar files are listed in .lst file
			</operationExplanation>
			<arguments>
				<argument>
					<name>requestId</name>
					<type>int</type>
					<required>false</required>
				</argument>
				<argument>
					<name>fileName</name>
					<type>java.lang.String</type>
					<required>true</required>
					<description>Enter a single job (.tar) file name (or) a group jobs
						(.lst) file name
					</description>
				</argument>
				<argument>
					<name>environment</name>
					<type>options</type>
					<required>false</required>
					<description>Choose an environment where you want a job to submit
						the files
					</description>
					<options>
						<option>
							<name>RPDDEV</name>
							<value>RPDDEV</value>
						</option>
						<option>
							<name>RPDIST</name>
							<value>RPDIST</value>
						</option>
						<option>
							<name>RPDUAT</name>
							<value>RPDUAT</value>
						</option>
						<option>
							<name>RPDFIX</name>
							<value>RPDFIX</value>
						</option>
						<option>
							<name>IPPDDEV</name>
							<value>IPPDDEV </value>
						</option>
						<option>
							<name>IPPDIST</name>
							<value>IPPDIST</value>
						</option>
						<option>
							<name>IPPDUAT</name>
							<value>IPPDUAT</value>
						</option>
						<option>
							<name>IPPDFIX</name>
							<value>IPPDFIX</value>
						</option>
					</options>
				</argument>
				<argument>
					<description>Specify the hot folder name, default is
						(_G-GLBL-ReceiveInitialize)
					</description>
					<name>inputDevice</name>
					<type>java.lang.String</type>
					<required>false</required>
				</argument>
			</arguments>
		</Service>
		<Service>
			<operationName>MRDFOuputSelect</operationName>
			<operationExplanation>This service helps us to generate MRDF select
				(.sel) and output (.out) files for a given job name from any
				environment
			</operationExplanation>
			<arguments>
				<argument>
					<name>requestId</name>
					<type>int</type>
					<required>false</required>
				</argument>
				<argument>
					<name>jobName</name>
					<type>java.lang.String</type>
					<required>true</required>
					<description>Specify the Job Name from environment</description>
				</argument>
				<argument>
					<name>reprintCount</name>
					<type>int</type>
					<required>true</required>
					<description>Specify count of documents to go for re-print
					</description>
				</argument>
				<argument>
					<name>destination</name>
					<type>options</type>
					<required>true</required>
					<description>Choose an environment where you want to create/send
						these files
					</description>
					<options>
						<option>
							<name>RPDDEV</name>
							<value>RPDDEV</value>
						</option>
						<option>
							<name>RPDIST</name>
							<value>RPDIST</value>
						</option>
						<option>
							<name>RPDUAT</name>
							<value>RPDUAT</value>
						</option>
						<option>
							<name>RPDFIX</name>
							<value>RPDFIX</value>
						</option>
						<option>
							<name>IPPDDEV</name>
							<value>IPPDDEV </value>
						</option>
						<option>
							<name>IPPDIST</name>
							<value>IPPDIST</value>
						</option>
						<option>
							<name>IPPDUAT</name>
							<value>IPPDUAT</value>
						</option>
						<option>
							<name>IPPDFIX</name>
							<value>IPPDFIX</value>
						</option>
					</options>
				</argument>
				<argument>
					<name>totalCount</name>
					<type>int</type>
					<required>true</required>
					<description>Specify total document count of this job</description>
				</argument>
			</arguments>
		</Service>
		<Service>
			<operationName>GetMRDFReport</operationName>
			<operationExplanation>This service helps us to pull the MRDF report
				for a given job number from (RPD DEV) and email it as a CSV file for
				our reference
			</operationExplanation>
			<arguments>
				<argument>
					<name>requestId</name>
					<type>int</type>
					<required>false</required>
				</argument>
				<argument>
					<name>jobId</name>
					<type>java.lang.String</type>
					<required>true</required>
					<description>Specify Job number from current Environment
					</description>
				</argument>
				<argument>
					<name>emailAddress</name>
					<type>java.lang.String</type>
					<required>true</required>
					<description>Specify an email address where the report has to be
						sent
					</description>
				</argument>
			</arguments>
		</Service>
		<Service>
			<operationName>GetStreamdiffZip</operationName>
			<operationExplanation>This service helps us to create a package
				(.zip) file for a given control and test jobs. That can be used to
				compare the job’s print files using FasTest/StreamDiff tool
			</operationExplanation>
			<arguments>
				<argument>
					<name>controlJobId</name>
					<type>java.lang.String</type>
					<required>true</required>
					<description>Specify the job number for comparison</description>
				</argument>
				<argument>
					<name>testJobId</name>
					<type>java.lang.String</type>
					<required>true</required>
					<description>Specify the job number to compare</description>
				</argument>
				<argument>
					<name>zipFileName</name>
					<type>java.lang.String</type>
					<required>false</required>
					<description>Specify the name of the package file to be created
					</description>
				</argument>
				<argument>
					<name>requestId</name>
					<type>int</type>
					<required>false</required>
				</argument>
				<argument>
					<name>formDef</name>
					<type>options</type>
					<required>false</required>
					<description>Specify the Form Definition</description>
					<defaultvalue>F1PJSP11</defaultvalue>
					<options>
						<!-- <option> <name>F1PJDP11</name> <value>F1PJDP11</value> </option> 
							<option> <name>F1PJDL11</name> <value>F1PJDL11</value> </option> -->
						<option>
							<name>F1PJSP11</name>
							<value>F1PJSP11</value>
						</option>
						<option>
							<name>F1PJSL11</name>
							<value>F1PJSL11</value>
						</option>
					</options>
				</argument>
				<argument>
					<name>emailId</name>
					<type>java.lang.String</type>
					<required>false</required>
					<description>Specify an email address where the FasTest report has
						to be sent
					</description>
				</argument>

				<!-- <argument> <name>controlServerName</name> <type>options</type> <required>false</required> 
					<options> <option> <name>RPDDEV</name> <value>RPDDEV</value> </option> <option> 
					<name>RPDIST</name> <value>RPDIST</value> </option> <option> <name>RPDUAT</name> 
					<value>RPDUAT</value> </option> <option> <name>RPDFIX</name> <value>RPDFIX</value> 
					</option> <option> <name>IPPDDEV</name> <value>IPPDDEV </value> </option> 
					<option> <name>IPPDIST</name> <value>IPPDIST</value> </option> <option> <name>IPPDUAT</name> 
					<value>IPPDUAT</value> </option> <option> <name>IPPDFIX</name> <value>IPPDFIX</value> 
					</option> </options> </argument> <argument> <name>testServerName</name> <type>options</type> 
					<required>false</required> <options> <option> <name>RPDDEV</name> <value>RPDDEV</value> 
					</option> <option> <name>RPDIST</name> <value>RPDIST</value> </option> <option> 
					<name>RPDUAT</name> <value>RPDUAT</value> </option> <option> <name>RPDFIX</name> 
					<value>RPDFIX</value> </option> <option> <name>IPPDDEV</name> <value>IPPDDEV 
					</value> </option> <option> <name>IPPDIST</name> <value>IPPDIST</value> </option> 
					<option> <name>IPPDUAT</name> <value>IPPDUAT</value> </option> <option> <name>IPPDFIX</name> 
					<value>IPPDFIX</value> </option> </options> </argument> -->
				<argument>
					<name>otherParams</name>
					<type>java.lang.String</type>
					<required>false</required>
				</argument>
			</arguments>
		</Service>
		<Service>
			<operationName>RunACIF</operationName>
			<operationExplanation>This is to RUN ACIF with specific formDef</operationExplanation>
			<arguments>
				<argument>
					<name>requestId</name>
					<type>int</type>
					<required>false</required>
				</argument>
				<argument>
					<name>jobId</name>
					<type>java.lang.String</type>
					<required>true</required>
					<description>Specify the job number</description>
				</argument>
				<argument>
					<name>emailAddress</name>
					<type>java.lang.String</type>
					<required>true</required>
					<description>Specify an email address where the  report has
						to be sent
					</description>
				</argument>
				<argument>
					<name>formDefACIF</name>
					<type>options</type>
					<required>false</required>
						<description>Specify the Form Definition</description>
					<options>
						<option>
							<name>F1PJDP11</name>
							<value>F1PJDP11</value>
						</option>
						<option>
							<name>F1PJDL11</name>
							<value>F1PJDL11</value>
						</option>
						<option>
							<name>F1PJSP11</name>
							<value>F1PJSP11</value>
						</option>
						<option>
							<name>F1PJSL11</name>
							<value>F1PJSL11</value>
						</option>
					</options>
				</argument>
			</arguments>
		</Service>
		<Service>
			<operationName>GetReusableApps</operationName>
				<operationExplanation>This is to Run Reusable apps for the generation types</operationExplanation>
			<arguments>
				<argument>
					<name>requestId</name>
					<type>int</type>
					<required>false</required>
				</argument>
				<argument>
					<name>generationTypes</name>
					<type>options</type>
					<required>true</required>
						<description>Choose the Generation Types</description>
					<options>
						<option>
							<name>GEN_1</name>
							<value>gen1</value>
						</option>
						<option>
							<name>GEN_2</name>
							<value>gen2</value>
						</option>
						<option>
							<name>GEN_3</name>
							<value>gen3</value>
						</option>
					</options>
				</argument>
			</arguments>
		</Service>
		<Service>
			<operationName>GetUserActivity</operationName>
			<operationExplanation>To Get user activity for the last name /Date ,leave blank if want to see todays activity </operationExplanation>
			<arguments>
				<argument>
					<name>requestId</name>
					<type>int</type>
					<required>false</required>
				</argument>
				<argument>
					<name>lastName</name>
					<type>java.lang.String</type>
					<required>false</required>
						<description>Specify the last name </description>
				</argument>
				<argument>
					<name>date</name>
					<type>java.util.Date</type>
					<required>false</required>
						<description>Choose the date </description>
				</argument>
			</arguments>
		</Service>
		<!-- <Service> <operationName>getActiveUsers</operationName> <arguments> 
			<argument> <name>requestId</name> <type>int</type> <required>false</required> 
			</argument> <argument> <name>lastName</name> <type>java.lang.String</type> 
			<required>false</required> </argument> <argument> <name>date</name> <type>java.util.Date</type> 
			<required>false</required> </argument> </arguments> </Service> -->
		<!-- <Service> <operationName>getReusableApps</operationName> <arguments> 
			<argument> <name>requestId</name> <type>int</type> <required>false</required> 
			</argument> <argument> <name>generationTypes</name> <type>options</type> 
			<required>true</required> <options> <option> <name>GEN_1</name> <value >gen1</value> 
			</option> <option> <name>GEN_2</name> <value >gen2</value> </option> <option> 
			<name>GEN_3</name> <value >gen3</value> </option> </options> </argument> 
			</arguments> </Service> <Service> <operationName>getUSPSTracingLog</operationName> 
			<arguments> <argument> <name>requestId</name> <type>int</type> <required>false</required> 
			</argument> <argument> <name>jobId</name> <type>java.lang.String</type> <required>true</required> 
			</argument> </arguments> </Service> <Service> <operationName>getTrustReport</operationName> 
			<arguments> <argument> <name>requestId</name> <type>int</type> <required>false</required> 
			</argument> <argument> <name>email</name> <type>java.lang.String</type> <required>true</required> 
			</argument> <argument> <name>reportType</name> <type>options</type> <required>true</required> 
			<options> <option> <name>CLASS_5</name> <value >class5</value> </option> 
			<option> <name>CLASS_2</name> <value >class2</value> </option> </options> 
			</argument> </arguments> </Service> <Service> <operationName>getMRDFHeaderReader</operationName> 
			<arguments> <argument> <name>requestId</name> <type>int</type> <required>false</required> 
			</argument> <argument> <name>jobName</name> <type>java.lang.String</type> 
			<required>true</required> </argument> <argument> <name>emailAddress</name> 
			<type>java.lang.String</type> <required>true</required> </argument> </arguments> 
			</Service> -->

		<!-- <Service> <operationName>genericOperation</operationName> <arguments> 
			<argument> <name>requestId</name> <type>java.lang.String</type> <required>true</required> 
			</argument> <argument> <name>requestType</name> <type>java.lang.String</type> 
			<required>true</required> </argument> <argument> <name>params</name> <type>java.util.List</type> 
			</argument> </arguments> </Service> <Service> <operationName>getServiceArgument</operationName> 
			<arguments> <argument> <name>requestId</name> <type>java.lang.String</type> 
			</argument> </arguments> </Service> -->
		<!-- <Service> <operationName>getMRDFHeader</operationName> <arguments> 
			<argument> <name>requestId</name> <type>int</type> <required>false</required> 
			</argument> <argument> <name>jobId</name> <type>java.lang.String</type> <required>true</required> 
			</argument> <argument> <name>emailAddress</name> <type>java.lang.String</type> 
			<required>true</required> </argument> </arguments> </Service> <Service> <operationName>rpduserGroups</operationName> 
			<arguments> <argument> <name>requestId</name> <type>int</type> <required>false</required> 
			</argument> </arguments> </Service> <Service> <operationName>getCASSReport</operationName> 
			<arguments> <argument> <name>requestId</name> <type>int</type> <required>false</required> 
			</argument> <argument> <name>fileName</name> <type>java.lang.String</type> 
			<required>true</required> </argument> <argument> <name>email</name> <type>java.lang.String</type> 
			<required>true</required> </argument> </arguments> </Service> -->
		<!-- <Service> <operationName>sendDPF</operationName> <arguments> <argument> 
			<name>requestId</name> <type>int</type> <required>false</required> </argument> 
			<argument> <name>jobId</name> <type>java.lang.String</type> <required>true</required> 
			</argument> <argument> <name>emailAddress</name> <type>java.lang.String</type> 
			<required>true</required> </argument> </arguments> </Service> -->

		<!-- <Service> <operationName>sendJobFootPrint</operationName> <arguments> 
			<argument> <name>requestId</name> <type>int</type> <required>false</required> 
			</argument> <argument> <name>jobId</name> <type>java.lang.String</type> <required>true</required> 
			</argument> <argument> <name>emailAddress</name> <type>java.lang.String</type> 
			<required>true</required> </argument> </arguments> </Service> <Service> <operationName>getPJSnapReport</operationName> 
			<arguments> <argument> <name>requestId</name> <type>int</type> <required>false</required> 
			</argument> <argument> <name>appId</name> <type>java.lang.String</type> <required>false</required> 
			</argument> <argument> <name>startDate</name> <type>java.util.Date</type> 
			<required>false</required> </argument> <argument> <name>endDate</name> <type>java.util.Date</type> 
			<required>false</required> </argument> <argument> <name>detailIndicator</name> 
			<type>java.lang.Boolean</type> <required>false</required> </argument> </arguments> 
			</Service> -->

		<Service>
			<operationName>GetProcessingStats</operationName>
			<operationExplanation> 	
				To display the  Processing Status of the apps </operationExplanation>
			<arguments>
				<argument>
					<name>requestId</name>
					<type>int</type>
					<required>false</required>
					
				</argument>
				<argument>
					<name>appId</name>
					<type>java.lang.String</type>
					<required>false</required>
						<description>Specify the app Id </description>
				</argument>
				<argument>
					<name>startDate</name>
					<type>java.util.Date</type>
					<required>false</required>
					<description>Specify the Start date</description>
				</argument>
				<argument>
					<name>endDate</name>
					<type>java.util.Date</type>
					<required>false</required>
					<description>Specify the End date</description>
				</argument>
				<argument>
					<name>detailIndicator</name>
					<type>java.lang.Boolean</type>
					<required>false</required>
					<description>Specify the Detail Indicator</description>
				</argument>
			</arguments>
		</Service>
		<Service>
			<operationName>emailNOOPRecordFile</operationName>
			<operationExplanation>This service helps us to pull the Noop of
				records for a given job number from (RPD DEV) and email it as a CSV
				file for our reference
			</operationExplanation>
			<arguments>
				<argument>
					<name>requestId</name>
					<type>int</type>
					<required>false</required>
				</argument>
				<argument>
					<name>jobId</name>
					<type>java.lang.String</type>
					<required>true</required>
					<description>Specify Job Number</description>
				</argument>
				<argument>
					<name>emailAddress</name>
					<type>java.lang.String</type>
					<required>true</required>
					<description>Specify an email address where the file has to be sent
					</description>
				</argument>
			</arguments>
		</Service>
		<Service>
			<operationName>GenerateUSPSScan</operationName>
			<operationExplanation>Simulation tool to generate USPS feedback data
				for development testing. Produces Origin/Destination Confirm data,
				change of address data and Nixie data.It uses the print job in
				complete from RPD to generate the data.
			</operationExplanation>
			<arguments>
				<argument>
					<name>requestId</name>
					<type>int</type>
					<required>false</required>
				</argument>
				<argument>
					<name>jobId</name>
					<type>java.lang.String</type>
					<required>true</required>
					<description>Job id should be a print job </description>
				</argument>
				<argument>
					<name>scanType</name>
					<type>options</type>
					<required>false</required>
					<description>This is the type of service you want to generate for
						testing.

					</description>
					<options>
						<option>
							<name>origin</name>
							<value>origin</value>
						</option>
						<option>
							<name>nixie</name>
							<value>nixie</value>
						</option>
						<option>
							<name>coa</name>
							<value>coa</value>
						</option>
					</options>
					<defaultvalue>origin</defaultvalue>
				</argument>
				<argument>
					<name>count</name>
					<type>java.lang.String</type>
					<required>false</required>
					<description>
						Number of entries to select at random from the Job ID.
						10 being default.
					</description>
				</argument>
				<!-- <argument>
					<name>hidden</name>
					<type>java.lang.String</type>
					<required>false</required>
					<defaultvalue>1</defaultvalue>
				</argument> -->
			</arguments>
		</Service>

		<Service>
			<operationName>DailyErrorReport</operationName>
			<operationExplanation>Tool to generate daily error report , provide
				email id to send.
			</operationExplanation>
			<arguments>
				<argument>
					<name>requestId</name>
					<type>int</type>
					<required>false</required>
				</argument>
				<argument>
					<name>emailAddress</name>
					<type>java.lang.String</type>
					<required>true</required>
					<description>Specify an email address where the report has to be
						sent
					</description>
				</argument>
			</arguments>
		</Service>
	</Services>

</ns2:ServiceArgumentResponse>